{
  "type": "create:mechanical_crafting",
  "pattern": [
    "  A  ",
    "SJJJS",
    " RCV "
  ],
  "key": {
    "J": {
      "item": "createbigcannons:very_small_steel_cannon_layer"
    },
    "R": {
      "item": "alloyed:steel_ingot"
    },
    "S": {
      "item": "create:smart_chute"
    },
    "C": {
      "item": "createchromaticreturn:refined_mechanism"
    },
    "V": {
      "item": "minecraft:crossbow"
    },
    "A": {
      "item": "createchromaticreturn:annealed_mechanism"
    }
  },
  "result": {
    "item": "cgm:bazooka"
  },
  "acceptMirrored": true
}