{
  "type": "create:mechanical_crafting",
  "pattern": [
    "    SS   ",
    "LRRRRRRRR",
    "L CVLLA L"
  ],
  "key": {
    "L": {
      "item": "alloyed:steel_sheet"
    },
    "R": {
      "item": "createbigcannons:cast_iron_autocannon_barrel"
    },
    "S": {
      "item": "alloyed:steel_ingot"
    },
    "C": {
      "item": "createchromaticreturn:refined_mechanism"
    },
    "V": {
      "item": "minecraft:crossbow"
    },
    "A": {
      "item": "createchromaticreturn:annealed_mechanism"
    }
  },
  "result": {
    "item": "cgm:heavy_rifle"
  },
  "acceptMirrored": true
}