{
    "type": "create:mechanical_crafting",
    "pattern": [
      "AVCRR",
      " JSRR"
    ],
    "key": {
      "J": {
        "item": "create:copper_backtank"
      },
      "R": {
        "item": "createbigcannons:cast_iron_autocannon_barrel"
      },
      "S": {
        "item": "create:mechanical_bearing"
      },
      "C": {
        "item": "createchromaticreturn:refined_mechanism"
      },
      "V": {
        "item": "minecraft:crossbow"
      },
      "A": {
        "item": "createchromaticreturn:annealed_mechanism"
      }
    },
    "result": {
      "item": "cgm:mini_gun"
    },
    "acceptMirrored": true
  }