{
  "type": "create:sequenced_assembly",
  "ingredient": {
    "item": "createarmory:fifty_cal_casing"
  },
  "transitionalItem": {
    "item": "createarmory:unfinished_fifty_cal_casing"
  },
  "sequence": [
    {
      "type": "create:deploying",
      "ingredients": [
        {
          "item": "createarmory:fifty_cal_casing"
        },
        [
          {
            "tag": "forge:gunpowder"
          }
        ]
      ],
      "results": [
        {
          "item": "createarmory:unfinished_fifty_cal_casing"
        }
      ]
    },
    {
      "type": "create:deploying",
      "ingredients": [
        {
          "item": "createarmory:unfinished_fifty_cal_casing"
        },
        [
          {
            "tag": "forge:nuggets/copper"
          }
        ]
      ],
      "results": [
        {
          "item": "createarmory:unfinished_fifty_cal_casing"
        }
      ]
    },
    {
      "type": "create:deploying",
      "ingredients": [
        {
          "item": "createarmory:unfinished_fifty_cal_casing"
        },
        [
          {
            "tag": "forge:nuggets/copper"
          }
        ]
      ],
      "results": [
        {
          "item": "createarmory:unfinished_fifty_cal_casing"
        }
      ]
    },
    {
      "type": "create:pressing",
      "ingredients": [
        {
          "item": "createarmory:unfinished_fifty_cal_casing"
        }
      ],
      "results": [
        {
          "item": "cgm:advanced_bullet"
        }
      ]
    }
  ],
  "results": [
    {
      "item": "cgm:advanced_bullet"
    }
  ],
  "loops": 1
}