{
  "type": "create:sequenced_assembly",
  "ingredient": {
      "item": "cgm:machine_pistol"
  },
  "transitionalItem": {
      "item": "createarmory:m_sixteen_upper"
  },
  "sequence": [
    {
      "type": "create:deploying",
      "ingredients": [
        {
      "item": "cgm:machine_pistol"
        },
        [
          {
            "item": "createbigcannons:cast_iron_autocannon_barrel"
          }
        ]
      ],
      "results": [
        {
          "item": "createarmory:m_sixteen_upper"
        }
      ]
    },
    {
      "type": "create:deploying",
      "ingredients": [
        {
          "item": "createarmory:m_sixteen_upper"
        },
        [
          {
            "item": "createbigcannons:cast_iron_autocannon_barrel"
          }
        ]
      ],
      "results": [
        {
          "item": "createarmory:m_sixteen_upper"
        }
      ]
    },
    {
      "type": "create:deploying",
      "ingredients": [
        {
      "item": "createarmory:m_sixteen_upper"
        },
        [
          {
            "item": "create:precision_mechanism"
          }
        ]
      ],
      "results": [
        {
          "item": "createarmory:m_sixteen_upper"
        }
      ]
    }
  ],
  "results": [
    {
      "item": "cgm:assault_rifle"
    }
  ],
  "loops": 1
}