{
  "type": "create:sequenced_assembly",
  "ingredient": {
    "item": "createarmory:nine_mm_casing"
  },
  "transitionalItem": {
    "item": "createarmory:nine_mm_casing"
  },
  "sequence": [
    {
      "type": "create:deploying",
      "ingredients": [
        {
          "item": "createarmory:nine_mm_casing"
        },
        [
          {
            "item": "minecraft:dried_kelp"
          }
        ]
      ],
      "results": [
        {
          "item": "createarmory:nine_mm_casing"
        }
      ]
    }
  ],
  "results": [
    {
      "item": "createarmory:shotgun_shell"
    }
  ],
  "loops": 1
}