{
  "type": "create:sequenced_assembly",
  "ingredient": {
      "item": "cgm:shotgun"
  },
  "transitionalItem": {
      "item": "createarmory:barret_upper"
  },
  "sequence": [
    {
      "type": "create:deploying",
      "ingredients": [
        {
      "item": "cgm:shotgun"
        },
        [
          {
            "item": "createbigcannons:cast_iron_autocannon_barrel"
          }
        ]
      ],
      "results": [
        {
          "item": "createarmory:barret_upper"
        }
      ]
    },
    {
      "type": "create:deploying",
      "ingredients": [
        {
          "item": "createarmory:barret_upper"
        },
        [
          {
            "item": "alloyed:steel_sheet"
          }
        ]
      ],
      "results": [
        {
          "item": "createarmory:barret_upper"
        }
      ]
    },
    {
      "type": "create:deploying",
      "ingredients": [
        {
      "item": "createarmory:barret_upper"
        },
        [
          {
            "item": "createchromaticreturn:refined_mechanism"
          }
        ]
      ],
      "results": [
        {
          "item": "createarmory:barret_upper"
        }
      ]
    }
  ],
  "results": [
    {
      "item": "cgm:grenade_launcher"
    }
  ],
  "loops": 1
}