{
  "type": "create:sequenced_assembly",
  "ingredient": {
      "item": "minecraft:crossbow"
  },
  "transitionalItem": {
      "item": "createarmory:m_four_lower"
  },
  "sequence": [
    {
      "type": "create:deploying",
      "ingredients": [
        {
      "item": "minecraft:crossbow"
        },
        [
          {
            "item": "immersiveengineering:toolupgrade_revolver_magazine"
          }
        ]
      ],
      "results": [
        {
          "item": "createarmory:m_four_lower"
        }
      ]
    },
    {
      "type": "create:deploying",
      "ingredients": [
        {
          "item": "createarmory:m_four_lower"
        },
        [
          {
            "item": "createbigcannons:cast_iron_autocannon_barrel"
          }
        ]
      ],
      "results": [
        {
          "item": "createarmory:m_four_lower"
        }
      ]
    },
    {
      "type": "create:deploying",
      "ingredients": [
        {
      "item": "createarmory:m_four_lower"
        },
        [
          {
            "item": "create:precision_mechanism"
          }
        ]
      ],
      "results": [
        {
          "item": "createarmory:m_four_lower"
        }
      ]
    }
  ],
  "results": [
    {
      "item": "cgm:machine_pistol"
    }
  ],
  "loops": 1
}