{
  "type": "create:sequenced_assembly",
  "ingredient": {
    "item": "createbigcannons:empty_autocannon_cartridge"
  },
  "transitionalItem": {
    "item": "createarmory:minigun_base"
  },
  "sequence": [
    {
      "type": "create:deploying",
      "ingredients": [
        {
          "item": "createbigcannons:empty_autocannon_cartridge"
        },
        [
          {
            "item": "createbigcannons:powder_charge"
          }
        ]
      ],
      "results": [
        {
          "item": "createarmory:minigun_base"
        }
      ]
    },
    {
      "type": "create:deploying",
      "ingredients": [
        {
          "item": "createarmory:minigun_base"
        },
        [
          {
            "item": "createbigcannons:packed_gunpowder"
          }
        ]
      ],
      "results": [
        {
          "item": "createarmory:minigun_base"
        }
      ]
    },
    {
      "type": "create:deploying",
      "ingredients": [
        {
          "item": "createarmory:minigun_base"
        },
        [
          {
            "item": "createbigcannons:impact_fuze"
          }
        ]
      ],
      "results": [
        {
          "item": "createarmory:minigun_base"
        }
      ]
    }  
  ],
  "results": [
    {
      "item": "cgm:missile"
    }
  ],
  "loops": 1
}